id;number;name;description
1;71183;web-enabled Handmade Associate;Applications GB Awesome Cotton Gloves
2;67786;New Jersey JSON Handcrafted;Comoro Franc programming New Hampshire
3;1331;synergistic Tasty;Specialist Sausages
4;91453;Solutions;azure exploit firewall
5;68909;District Senior whiteboard;Licensed capacity primary
6;64292;deposit Belize;mobile Quetzal
7;56482;Small indexing;Metrics solution generate
8;17480;Crescent Program Triple-buffered;Berkshire SMTP engage
9;18390;Credit Card Account Chicken;grid-enabled Cotton Awesome Fresh Towels
10;57954;Soft;Peso Uruguayo Uruguay Peso en Unidades Indexadas
